code,wilaya_code,name_fr,name_ar,active
0101,01,Amourj,أمرج,1
0102,01,Bassiknou,باسكنو,1
0103,01,Djiguenni,جكني,1
0104,01,Néma,النعمة,1
0105,01,Oualata,ولاتة,1
0106,01,Timbédra,تمبدغة,1
0201,02,Aïoun El Atrouss,لعيون,1
0202,02,Kobenni,كوبني,1
0203,02,Tamchekett,تامشكط,1
0204,02,Tintane,الطينطان,1
0301,03,Barkéol,باركيول,1
0302,03,Boumdeid,بومديد,1
0303,03,Guérou,كرو,1
0304,03,Kankossa,كنكوصة,1
0305,03,Kiffa,كيفة,1
0401,04,Kaédi,كيهيدي,1
0402,04,M'Bout,امبود,1
0403,04,Maghama,مقامة,1
0404,04,Monguel,مونكل,1
0501,05,Aleg,ألاك,1
0502,05,Bababé,بابابي,1
0503,05,Boghé,بوكي,1
0504,05,M'Bagne,امباني,1
0505,05,Magta-Lahjar,مقطع لحجار,1
0601,06,Boutilimit,بوتلميت,1
0602,06,Keur Macène,كرمسين,1
0603,06,Mederdra,المذرذرة,1
0604,06,Ouad Naga,واد الناقة,1
0605,06,R'Kiz,اركيز,1
0606,06,Rosso,روصو,1
0701,07,Aoujeft,أوجفت,1
0702,07,Atar,أطار,1
0703,07,Chinguetti,شنقيط,1
0704,07,Ouadane,وادان,1
0801,08,Nouadhibou,نواذيبو,1
0802,08,Chami,الشامي,1
0901,09,Moudjéria,المجرية,1
0902,09,Tichitt,تيشيت,1
0903,09,Tidjikja,تجكجة,1
1001,10,Ould Yengé,ولد ينج,1
1002,10,Sélibaby,سيلبابي,1
1101,11,Bir Moghrein,بئر أم اكرين,1
1102,11,F'Dérick,افديرك,1
1103,11,Zouérat,ازويرات,1
1201,12,Akjoujt,أكجوجت,1
1202,12,Bénichab,بنشاب,1
1301,13,Ksar,لكصر,1
1302,13,Sebkha,السبخة,1
1303,13,Tevragh Zeina,تفرغ زينة,1
1401,14,Dar Naïm,دار النعيم,1
1402,14,Teyarett,تيارت,1
1403,14,Toujounine,توجنين,1
1501,15,Arafat,عرفات,1
1502,15,El Mina,الميناء,1
1503,15,Riyad,الرياض,1
